{
  "id": "outbreakundead2e",
  "title": "OutbreakUndead2e",
  "description": "The Outbreak Undead 2e system for FoundryVTT!",
  "authors": [
    {
      "name": "Asacolips",
      "discord": "asacolips"
    }
  ],
  "url": "Replace this with a link to your public repository",
  "license": "LICENSE.txt",
  "readme": "README.md",
  "bugs": "Replace this with a link to file issues or tickets",
  "changelog": "CHANGELOG.md",
  "media": [
    {
      "type": "setup",
      "url": "systems/outbreakundead2e/assets/anvil-impact.png",
      "thumbnail": "systems/outbreakundead2e/assets/anvil-impact.png"
    }
  ],
  "version": "0.0.1",
  "compatibility": {
    "minimum": 11,
    "verified": "11.315"
  },
  "esmodules": ["module/outbreakundead2e.mjs"],
  "styles": ["css/outbreakundead2e.css"],
  "languages": [
    {
      "lang": "en",
      "name": "English",
      "path": "lang/en.json"
    }
  ],
  "packs": [],
  "packFolders": [],
  "socket": false,
  "manifest": "https://github.com/DrTrogalstaid/Outbreak_Undead_2e_FoundryVYY.git/system.json",
  "download": "This must link to a .zip file of the current version",
  "background": "systems/outbreakundead2e/assets/anvil-impact.png",
  "gridDistance": 5,
  "gridUnits": "ft",
  "primaryTokenAttribute": "health",
  "secondaryTokenAttribute": "power"
}
